Quarter,County,VALUE
2000Q1,All Counties,9494
2000Q1,Carlow,127
2000Q1,Dublin,2673
2000Q1,Kildare,458
2000Q1,Kilkenny,217
2000Q1,Laois,65
2000Q1,Longford,2
2000Q1,Louth,214
2000Q1,Meath,520
2000Q1,Offaly,122
2000Q1,Westmeath,316
2000Q1,Wexford,405
2000Q1,Wicklow,183
2000Q1,Clare,243
2000Q1,Cork,1126
2000Q1,Kerry,192
2000Q1,Limerick,437
2000Q1,Tipperary,343
2000Q1,Waterford,362
2000Q1,Galway,693
2000Q1,Leitrim,64
2000Q1,Mayo,243
2000Q1,Roscommon,50
2000Q1,Sligo,84
2000Q1,Cavan,43
2000Q1,Donegal,288
2000Q1,Monaghan,24
2000Q2,All Counties,10757
2000Q2,Carlow,50
2000Q2,Dublin,2448
2000Q2,Kildare,706
2000Q2,Kilkenny,176
2000Q2,Laois,203
2000Q2,Longford,3
2000Q2,Louth,307
2000Q2,Meath,828
2000Q2,Offaly,250
2000Q2,Westmeath,327
2000Q2,Wexford,547
2000Q2,Wicklow,196
2000Q2,Clare,290
2000Q2,Cork,1506
2000Q2,Kerry,298
2000Q2,Limerick,448
2000Q2,Tipperary,255
2000Q2,Waterford,366
2000Q2,Galway,538
2000Q2,Leitrim,59
2000Q2,Mayo,326
2000Q2,Roscommon,54
2000Q2,Sligo,145
2000Q2,Cavan,108
2000Q2,Donegal,283
2000Q2,Monaghan,40
2000Q3,All Counties,7937
2000Q3,Carlow,106
2000Q3,Dublin,1655
2000Q3,Kildare,519
2000Q3,Kilkenny,123
2000Q3,Laois,262
2000Q3,Longford,40
2000Q3,Louth,508
2000Q3,Meath,839
2000Q3,Offaly,106
2000Q3,Westmeath,135
2000Q3,Wexford,335
2000Q3,Wicklow,361
2000Q3,Clare,253
2000Q3,Cork,753
2000Q3,Kerry,136
2000Q3,Limerick,254
2000Q3,Tipperary,272
2000Q3,Waterford,263
2000Q3,Galway,326
2000Q3,Leitrim,47
2000Q3,Mayo,170
2000Q3,Roscommon,72
2000Q3,Sligo,78
2000Q3,Cavan,39
2000Q3,Donegal,172
2000Q3,Monaghan,113
2000Q4,All Counties,6425
2000Q4,Carlow,86
2000Q4,Dublin,1346
2000Q4,Kildare,381
2000Q4,Kilkenny,91
2000Q4,Laois,279
2000Q4,Longford,58
2000Q4,Louth,269
2000Q4,Meath,408
2000Q4,Offaly,160
2000Q4,Westmeath,198
2000Q4,Wexford,410
2000Q4,Wicklow,74
2000Q4,Clare,105
2000Q4,Cork,1039
2000Q4,Kerry,113
2000Q4,Limerick,242
2000Q4,Tipperary,154
2000Q4,Waterford,130
2000Q4,Galway,274
2000Q4,Leitrim,89
2000Q4,Mayo,164
2000Q4,Roscommon,78
2000Q4,Sligo,62
2000Q4,Cavan,80
2000Q4,Donegal,107
2000Q4,Monaghan,28
2001Q1,All Counties,7803
2001Q1,Carlow,169
2001Q1,Dublin,1982
2001Q1,Kildare,503
2001Q1,Kilkenny,164
2001Q1,Laois,90
2001Q1,Longford,7
2001Q1,Louth,296
2001Q1,Meath,703
2001Q1,Offaly,142
2001Q1,Westmeath,331
2001Q1,Wexford,343
2001Q1,Wicklow,250
2001Q1,Clare,122
2001Q1,Cork,774
2001Q1,Kerry,152
2001Q1,Limerick,259
2001Q1,Tipperary,190
2001Q1,Waterford,170
2001Q1,Galway,395
2001Q1,Leitrim,42
2001Q1,Mayo,63
2001Q1,Roscommon,70
2001Q1,Sligo,86
2001Q1,Cavan,67
2001Q1,Donegal,296
2001Q1,Monaghan,137
2001Q2,All Counties,7866
2001Q2,Carlow,74
2001Q2,Dublin,2513
2001Q2,Kildare,547
2001Q2,Kilkenny,229
2001Q2,Laois,112
2001Q2,Longford,44
2001Q2,Louth,298
2001Q2,Meath,433
2001Q2,Offaly,84
2001Q2,Westmeath,207
2001Q2,Wexford,214
2001Q2,Wicklow,340
2001Q2,Clare,207
2001Q2,Cork,797
2001Q2,Kerry,156
2001Q2,Limerick,212
2001Q2,Tipperary,133
2001Q2,Waterford,335
2001Q2,Galway,386
2001Q2,Leitrim,34
2001Q2,Mayo,119
2001Q2,Roscommon,89
2001Q2,Sligo,94
2001Q2,Cavan,61
2001Q2,Donegal,146
2001Q2,Monaghan,2
2001Q3,All Counties,7092
2001Q3,Carlow,56
2001Q3,Dublin,2333
2001Q3,Kildare,431
2001Q3,Kilkenny,155
2001Q3,Laois,126
2001Q3,Longford,17
2001Q3,Louth,107
2001Q3,Meath,589
2001Q3,Offaly,106
2001Q3,Westmeath,93
2001Q3,Wexford,239
2001Q3,Wicklow,216
2001Q3,Clare,197
2001Q3,Cork,793
2001Q3,Kerry,203
2001Q3,Limerick,123
2001Q3,Tipperary,157
2001Q3,Waterford,176
2001Q3,Galway,412
2001Q3,Leitrim,103
2001Q3,Mayo,138
2001Q3,Roscommon,43
2001Q3,Sligo,65
2001Q3,Cavan,67
2001Q3,Donegal,143
2001Q3,Monaghan,4
2001Q4,All Counties,6084
2001Q4,Carlow,6
2001Q4,Dublin,1896
2001Q4,Kildare,452
2001Q4,Kilkenny,100
2001Q4,Laois,18
2001Q4,Longford,63
2001Q4,Louth,154
2001Q4,Meath,268
2001Q4,Offaly,67
2001Q4,Westmeath,146
2001Q4,Wexford,253
2001Q4,Wicklow,172
2001Q4,Clare,122
2001Q4,Cork,593
2001Q4,Kerry,128
2001Q4,Limerick,268
2001Q4,Tipperary,58
2001Q4,Waterford,200
2001Q4,Galway,587
2001Q4,Leitrim,134
2001Q4,Mayo,87
2001Q4,Roscommon,87
2001Q4,Sligo,90
2001Q4,Cavan,6
2001Q4,Donegal,125
2001Q4,Monaghan,4
2002Q1,All Counties,11096
2002Q1,Carlow,92
2002Q1,Dublin,3473
2002Q1,Kildare,419
2002Q1,Kilkenny,204
2002Q1,Laois,147
2002Q1,Longford,82
2002Q1,Louth,272
2002Q1,Meath,556
2002Q1,Offaly,123
2002Q1,Westmeath,232
2002Q1,Wexford,475
2002Q1,Wicklow,258
2002Q1,Clare,180
2002Q1,Cork,1460
2002Q1,Kerry,396
2002Q1,Limerick,392
2002Q1,Tipperary,180
2002Q1,Waterford,397
2002Q1,Galway,973
2002Q1,Leitrim,38
2002Q1,Mayo,160
2002Q1,Roscommon,100
2002Q1,Sligo,108
2002Q1,Cavan,69
2002Q1,Donegal,253
2002Q1,Monaghan,57
2002Q2,All Counties,14316
2002Q2,Carlow,129
2002Q2,Dublin,5115
2002Q2,Kildare,746
2002Q2,Kilkenny,261
2002Q2,Laois,132
2002Q2,Longford,71
2002Q2,Louth,476
2002Q2,Meath,776
2002Q2,Offaly,169
2002Q2,Westmeath,238
2002Q2,Wexford,503
2002Q2,Wicklow,392
2002Q2,Clare,285
2002Q2,Cork,1674
2002Q2,Kerry,337
2002Q2,Limerick,490
2002Q2,Tipperary,343
2002Q2,Waterford,489
2002Q2,Galway,697
2002Q2,Leitrim,81
2002Q2,Mayo,169
2002Q2,Roscommon,173
2002Q2,Sligo,189
2002Q2,Cavan,99
2002Q2,Donegal,258
2002Q2,Monaghan,24
2002Q3,All Counties,13584
2002Q3,Carlow,108
2002Q3,Dublin,5038
2002Q3,Kildare,606
2002Q3,Kilkenny,228
2002Q3,Laois,236
2002Q3,Longford,29
2002Q3,Louth,256
2002Q3,Meath,967
2002Q3,Offaly,201
2002Q3,Westmeath,384
2002Q3,Wexford,324
2002Q3,Wicklow,403
2002Q3,Clare,269
2002Q3,Cork,1445
2002Q3,Kerry,419
2002Q3,Limerick,502
2002Q3,Tipperary,334
2002Q3,Waterford,332
2002Q3,Galway,696
2002Q3,Leitrim,10
2002Q3,Mayo,291
2002Q3,Roscommon,59
2002Q3,Sligo,119
2002Q3,Cavan,116
2002Q3,Donegal,156
2002Q3,Monaghan,56
2002Q4,All Counties,12021
2002Q4,Carlow,100
2002Q4,Dublin,4617
2002Q4,Kildare,421
2002Q4,Kilkenny,371
2002Q4,Laois,306
2002Q4,Longford,56
2002Q4,Louth,336
2002Q4,Meath,605
2002Q4,Offaly,147
2002Q4,Westmeath,177
2002Q4,Wexford,309
2002Q4,Wicklow,292
2002Q4,Clare,130
2002Q4,Cork,1425
2002Q4,Kerry,409
2002Q4,Limerick,440
2002Q4,Tipperary,241
2002Q4,Waterford,332
2002Q4,Galway,575
2002Q4,Leitrim,84
2002Q4,Mayo,217
2002Q4,Roscommon,15
2002Q4,Sligo,140
2002Q4,Cavan,86
2002Q4,Donegal,137
2002Q4,Monaghan,53
2003Q1,All Counties,13754
2003Q1,Carlow,162
2003Q1,Dublin,3758
2003Q1,Kildare,727
2003Q1,Kilkenny,220
2003Q1,Laois,422
2003Q1,Longford,61
2003Q1,Louth,508
2003Q1,Meath,942
2003Q1,Offaly,188
2003Q1,Westmeath,301
2003Q1,Wexford,460
2003Q1,Wicklow,408
2003Q1,Clare,386
2003Q1,Cork,1469
2003Q1,Kerry,290
2003Q1,Limerick,650
2003Q1,Tipperary,420
2003Q1,Waterford,361
2003Q1,Galway,886
2003Q1,Leitrim,97
2003Q1,Mayo,260
2003Q1,Roscommon,63
2003Q1,Sligo,212
2003Q1,Cavan,110
2003Q1,Donegal,349
2003Q1,Monaghan,44
2003Q2,All Counties,14395
2003Q2,Carlow,149
2003Q2,Dublin,4545
2003Q2,Kildare,862
2003Q2,Kilkenny,282
2003Q2,Laois,314
2003Q2,Longford,5
2003Q2,Louth,410
2003Q2,Meath,1023
2003Q2,Offaly,418
2003Q2,Westmeath,394
2003Q2,Wexford,417
2003Q2,Wicklow,391
2003Q2,Clare,261
2003Q2,Cork,1721
2003Q2,Kerry,298
2003Q2,Limerick,466
2003Q2,Tipperary,321
2003Q2,Waterford,424
2003Q2,Galway,556
2003Q2,Leitrim,120
2003Q2,Mayo,188
2003Q2,Roscommon,146
2003Q2,Sligo,231
2003Q2,Cavan,109
2003Q2,Donegal,271
2003Q2,Monaghan,73
2003Q3,All Counties,14420
2003Q3,Carlow,254
2003Q3,Dublin,3937
2003Q3,Kildare,798
2003Q3,Kilkenny,279
2003Q3,Laois,71
2003Q3,Longford,235
2003Q3,Louth,450
2003Q3,Meath,865
2003Q3,Offaly,437
2003Q3,Westmeath,423
2003Q3,Wexford,416
2003Q3,Wicklow,548
2003Q3,Clare,242
2003Q3,Cork,1300
2003Q3,Kerry,282
2003Q3,Limerick,1049
2003Q3,Tipperary,467
2003Q3,Waterford,366
2003Q3,Galway,845
2003Q3,Leitrim,115
2003Q3,Mayo,217
2003Q3,Roscommon,148
2003Q3,Sligo,172
2003Q3,Cavan,179
2003Q3,Donegal,320
2003Q3,Monaghan,5
2003Q4,All Counties,14290
2003Q4,Carlow,154
2003Q4,Dublin,4468
2003Q4,Kildare,877
2003Q4,Kilkenny,165
2003Q4,Laois,345
2003Q4,Longford,118
2003Q4,Louth,395
2003Q4,Meath,785
2003Q4,Offaly,177
2003Q4,Westmeath,491
2003Q4,Wexford,291
2003Q4,Wicklow,774
2003Q4,Clare,268
2003Q4,Cork,1337
2003Q4,Kerry,402
2003Q4,Limerick,1032
2003Q4,Tipperary,203
2003Q4,Waterford,424
2003Q4,Galway,524
2003Q4,Leitrim,184
2003Q4,Mayo,290
2003Q4,Roscommon,88
2003Q4,Sligo,150
2003Q4,Cavan,174
2003Q4,Donegal,138
2003Q4,Monaghan,36
2004Q1,All Counties,15391
2004Q1,Carlow,248
2004Q1,Dublin,4402
2004Q1,Kildare,549
2004Q1,Kilkenny,261
2004Q1,Laois,236
2004Q1,Longford,295
2004Q1,Louth,426
2004Q1,Meath,1057
2004Q1,Offaly,167
2004Q1,Westmeath,409
2004Q1,Wexford,627
2004Q1,Wicklow,471
2004Q1,Clare,299
2004Q1,Cork,1691
2004Q1,Kerry,394
2004Q1,Limerick,1022
2004Q1,Tipperary,442
2004Q1,Waterford,493
2004Q1,Galway,570
2004Q1,Leitrim,115
2004Q1,Mayo,264
2004Q1,Roscommon,255
2004Q1,Sligo,168
2004Q1,Cavan,239
2004Q1,Donegal,265
2004Q1,Monaghan,26
2004Q2,All Counties,17965
2004Q2,Carlow,292
2004Q2,Dublin,5349
2004Q2,Kildare,846
2004Q2,Kilkenny,370
2004Q2,Laois,719
2004Q2,Longford,113
2004Q2,Louth,426
2004Q2,Meath,728
2004Q2,Offaly,455
2004Q2,Westmeath,309
2004Q2,Wexford,527
2004Q2,Wicklow,235
2004Q2,Clare,546
2004Q2,Cork,2425
2004Q2,Kerry,424
2004Q2,Limerick,536
2004Q2,Tipperary,613
2004Q2,Waterford,531
2004Q2,Galway,849
2004Q2,Leitrim,227
2004Q2,Mayo,424
2004Q2,Roscommon,287
2004Q2,Sligo,358
2004Q2,Cavan,207
2004Q2,Donegal,148
2004Q2,Monaghan,21
2004Q3,All Counties,13798
2004Q3,Carlow,108
2004Q3,Dublin,4324
2004Q3,Kildare,865
2004Q3,Kilkenny,261
2004Q3,Laois,199
2004Q3,Longford,229
2004Q3,Louth,305
2004Q3,Meath,711
2004Q3,Offaly,239
2004Q3,Westmeath,333
2004Q3,Wexford,609
2004Q3,Wicklow,513
2004Q3,Clare,268
2004Q3,Cork,1128
2004Q3,Kerry,521
2004Q3,Limerick,364
2004Q3,Tipperary,467
2004Q3,Waterford,363
2004Q3,Galway,568
2004Q3,Leitrim,178
2004Q3,Mayo,254
2004Q3,Roscommon,181
2004Q3,Sligo,295
2004Q3,Cavan,267
2004Q3,Donegal,200
2004Q3,Monaghan,48
2004Q4,All Counties,13628
2004Q4,Carlow,199
2004Q4,Dublin,4639
2004Q4,Kildare,698
2004Q4,Kilkenny,282
2004Q4,Laois,414
2004Q4,Longford,71
2004Q4,Louth,296
2004Q4,Meath,851
2004Q4,Offaly,199
2004Q4,Westmeath,209
2004Q4,Wexford,389
2004Q4,Wicklow,261
2004Q4,Clare,365
2004Q4,Cork,1181
2004Q4,Kerry,423
2004Q4,Limerick,394
2004Q4,Tipperary,363
2004Q4,Waterford,384
2004Q4,Galway,541
2004Q4,Leitrim,133
2004Q4,Mayo,190
2004Q4,Roscommon,239
2004Q4,Sligo,135
2004Q4,Cavan,393
2004Q4,Donegal,300
2004Q4,Monaghan,79
2005Q1,All Counties,16037
2005Q1,Carlow,282
2005Q1,Dublin,4525
2005Q1,Kildare,805
2005Q1,Kilkenny,588
2005Q1,Laois,401
2005Q1,Longford,118
2005Q1,Louth,461
2005Q1,Meath,1183
2005Q1,Offaly,192
2005Q1,Westmeath,316
2005Q1,Wexford,527
2005Q1,Wicklow,419
2005Q1,Clare,494
2005Q1,Cork,1916
2005Q1,Kerry,352
2005Q1,Limerick,414
2005Q1,Tipperary,521
2005Q1,Waterford,347
2005Q1,Galway,542
2005Q1,Leitrim,204
2005Q1,Mayo,296
2005Q1,Roscommon,358
2005Q1,Sligo,290
2005Q1,Cavan,218
2005Q1,Donegal,224
2005Q1,Monaghan,44
2005Q2,All Counties,16241
2005Q2,Carlow,292
2005Q2,Dublin,3871
2005Q2,Kildare,1297
2005Q2,Kilkenny,488
2005Q2,Laois,644
2005Q2,Longford,155
2005Q2,Louth,337
2005Q2,Meath,852
2005Q2,Offaly,367
2005Q2,Westmeath,169
2005Q2,Wexford,624
2005Q2,Wicklow,358
2005Q2,Clare,270
2005Q2,Cork,1460
2005Q2,Kerry,552
2005Q2,Limerick,924
2005Q2,Tipperary,486
2005Q2,Waterford,604
2005Q2,Galway,544
2005Q2,Leitrim,218
2005Q2,Mayo,397
2005Q2,Roscommon,270
2005Q2,Sligo,409
2005Q2,Cavan,299
2005Q2,Donegal,230
2005Q2,Monaghan,124
2005Q3,All Counties,14953
2005Q3,Carlow,254
2005Q3,Dublin,3094
2005Q3,Kildare,963
2005Q3,Kilkenny,343
2005Q3,Laois,422
2005Q3,Longford,169
2005Q3,Louth,289
2005Q3,Meath,724
2005Q3,Offaly,197
2005Q3,Westmeath,347
2005Q3,Wexford,672
2005Q3,Wicklow,364
2005Q3,Clare,448
2005Q3,Cork,2184
2005Q3,Kerry,525
2005Q3,Limerick,429
2005Q3,Tipperary,461
2005Q3,Waterford,326
2005Q3,Galway,595
2005Q3,Leitrim,257
2005Q3,Mayo,431
2005Q3,Roscommon,488
2005Q3,Sligo,247
2005Q3,Cavan,244
2005Q3,Donegal,369
2005Q3,Monaghan,111
2005Q4,All Counties,15053
2005Q4,Carlow,110
2005Q4,Dublin,4166
2005Q4,Kildare,935
2005Q4,Kilkenny,151
2005Q4,Laois,479
2005Q4,Longford,167
2005Q4,Louth,436
2005Q4,Meath,697
2005Q4,Offaly,182
2005Q4,Westmeath,239
2005Q4,Wexford,355
2005Q4,Wicklow,295
2005Q4,Clare,325
2005Q4,Cork,2185
2005Q4,Kerry,583
2005Q4,Limerick,418
2005Q4,Tipperary,481
2005Q4,Waterford,249
2005Q4,Galway,875
2005Q4,Leitrim,137
2005Q4,Mayo,315
2005Q4,Roscommon,311
2005Q4,Sligo,267
2005Q4,Cavan,372
2005Q4,Donegal,167
2005Q4,Monaghan,156
2006Q1,All Counties,18439
2006Q1,Carlow,270
2006Q1,Dublin,5139
2006Q1,Kildare,1117
2006Q1,Kilkenny,501
2006Q1,Laois,461
2006Q1,Longford,320
2006Q1,Louth,283
2006Q1,Meath,892
2006Q1,Offaly,288
2006Q1,Westmeath,382
2006Q1,Wexford,790
2006Q1,Wicklow,283
2006Q1,Clare,539
2006Q1,Cork,1544
2006Q1,Kerry,378
2006Q1,Limerick,780
2006Q1,Tipperary,610
2006Q1,Waterford,379
2006Q1,Galway,1126
2006Q1,Leitrim,234
2006Q1,Mayo,324
2006Q1,Roscommon,266
2006Q1,Sligo,387
2006Q1,Cavan,422
2006Q1,Donegal,405
2006Q1,Monaghan,319
2006Q2,All Counties,18276
2006Q2,Carlow,169
2006Q2,Dublin,5592
2006Q2,Kildare,1003
2006Q2,Kilkenny,283
2006Q2,Laois,655
2006Q2,Longford,603
2006Q2,Louth,145
2006Q2,Meath,706
2006Q2,Offaly,403
2006Q2,Westmeath,341
2006Q2,Wexford,439
2006Q2,Wicklow,504
2006Q2,Clare,495
2006Q2,Cork,2190
2006Q2,Kerry,512
2006Q2,Limerick,370
2006Q2,Tipperary,670
2006Q2,Waterford,411
2006Q2,Galway,884
2006Q2,Leitrim,197
2006Q2,Mayo,399
2006Q2,Roscommon,276
2006Q2,Sligo,348
2006Q2,Cavan,190
2006Q2,Donegal,379
2006Q2,Monaghan,112
2006Q3,All Counties,16991
2006Q3,Carlow,273
2006Q3,Dublin,3446
2006Q3,Kildare,1061
2006Q3,Kilkenny,315
2006Q3,Laois,607
2006Q3,Longford,366
2006Q3,Louth,344
2006Q3,Meath,697
2006Q3,Offaly,98
2006Q3,Westmeath,351
2006Q3,Wexford,1039
2006Q3,Wicklow,220
2006Q3,Clare,604
2006Q3,Cork,2686
2006Q3,Kerry,348
2006Q3,Limerick,717
2006Q3,Tipperary,550
2006Q3,Waterford,337
2006Q3,Galway,826
2006Q3,Leitrim,97
2006Q3,Mayo,481
2006Q3,Roscommon,261
2006Q3,Sligo,378
2006Q3,Cavan,392
2006Q3,Donegal,328
2006Q3,Monaghan,169
2006Q4,All Counties,12943
2006Q4,Carlow,224
2006Q4,Dublin,3081
2006Q4,Kildare,578
2006Q4,Kilkenny,206
2006Q4,Laois,564
2006Q4,Longford,319
2006Q4,Louth,325
2006Q4,Meath,573
2006Q4,Offaly,206
2006Q4,Westmeath,406
2006Q4,Wexford,328
2006Q4,Wicklow,374
2006Q4,Clare,278
2006Q4,Cork,1437
2006Q4,Kerry,508
2006Q4,Limerick,696
2006Q4,Tipperary,328
2006Q4,Waterford,151
2006Q4,Galway,397
2006Q4,Leitrim,266
2006Q4,Mayo,314
2006Q4,Roscommon,298
2006Q4,Sligo,376
2006Q4,Cavan,380
2006Q4,Donegal,279
2006Q4,Monaghan,51
2007Q1,All Counties,13751
2007Q1,Carlow,418
2007Q1,Dublin,3372
2007Q1,Kildare,1134
2007Q1,Kilkenny,357
2007Q1,Laois,483
2007Q1,Longford,140
2007Q1,Louth,332
2007Q1,Meath,222
2007Q1,Offaly,220
2007Q1,Westmeath,301
2007Q1,Wexford,365
2007Q1,Wicklow,214
2007Q1,Clare,357
2007Q1,Cork,1615
2007Q1,Kerry,378
2007Q1,Limerick,577
2007Q1,Tipperary,703
2007Q1,Waterford,473
2007Q1,Galway,629
2007Q1,Leitrim,46
2007Q1,Mayo,266
2007Q1,Roscommon,144
2007Q1,Sligo,155
2007Q1,Cavan,402
2007Q1,Donegal,376
2007Q1,Monaghan,72
2007Q2,All Counties,10831
2007Q2,Carlow,211
2007Q2,Dublin,2976
2007Q2,Kildare,403
2007Q2,Kilkenny,110
2007Q2,Laois,568
2007Q2,Longford,101
2007Q2,Louth,127
2007Q2,Meath,457
2007Q2,Offaly,165
2007Q2,Westmeath,338
2007Q2,Wexford,389
2007Q2,Wicklow,221
2007Q2,Clare,268
2007Q2,Cork,1037
2007Q2,Kerry,438
2007Q2,Limerick,408
2007Q2,Tipperary,480
2007Q2,Waterford,137
2007Q2,Galway,455
2007Q2,Leitrim,86
2007Q2,Mayo,332
2007Q2,Roscommon,134
2007Q2,Sligo,376
2007Q2,Cavan,221
2007Q2,Donegal,271
2007Q2,Monaghan,122
2007Q3,All Counties,8123
2007Q3,Carlow,92
2007Q3,Dublin,1508
2007Q3,Kildare,397
2007Q3,Kilkenny,245
2007Q3,Laois,222
2007Q3,Longford,16
2007Q3,Louth,318
2007Q3,Meath,630
2007Q3,Offaly,70
2007Q3,Westmeath,176
2007Q3,Wexford,283
2007Q3,Wicklow,159
2007Q3,Clare,221
2007Q3,Cork,1147
2007Q3,Kerry,173
2007Q3,Limerick,252
2007Q3,Tipperary,571
2007Q3,Waterford,155
2007Q3,Galway,465
2007Q3,Leitrim,116
2007Q3,Mayo,316
2007Q3,Roscommon,89
2007Q3,Sligo,86
2007Q3,Cavan,156
2007Q3,Donegal,241
2007Q3,Monaghan,19
2007Q4,All Counties,5646
2007Q4,Carlow,26
2007Q4,Dublin,1462
2007Q4,Kildare,149
2007Q4,Kilkenny,15
2007Q4,Laois,276
2007Q4,Longford,22
2007Q4,Louth,132
2007Q4,Meath,346
2007Q4,Offaly,69
2007Q4,Westmeath,118
2007Q4,Wexford,130
2007Q4,Wicklow,248
2007Q4,Clare,220
2007Q4,Cork,538
2007Q4,Kerry,243
2007Q4,Limerick,198
2007Q4,Tipperary,157
2007Q4,Waterford,179
2007Q4,Galway,360
2007Q4,Leitrim,17
2007Q4,Mayo,162
2007Q4,Roscommon,74
2007Q4,Sligo,209
2007Q4,Cavan,128
2007Q4,Donegal,154
2007Q4,Monaghan,14
2008Q1,All Counties,4331
2008Q1,Carlow,56
2008Q1,Dublin,1601
2008Q1,Kildare,159
2008Q1,Kilkenny,80
2008Q1,Laois,59
2008Q1,Longford,5
2008Q1,Louth,159
2008Q1,Meath,185
2008Q1,Offaly,51
2008Q1,Westmeath,24
2008Q1,Wexford,56
2008Q1,Wicklow,15
2008Q1,Clare,98
2008Q1,Cork,481
2008Q1,Kerry,66
2008Q1,Limerick,116
2008Q1,Tipperary,206
2008Q1,Waterford,155
2008Q1,Galway,282
2008Q1,Leitrim,5
2008Q1,Mayo,89
2008Q1,Roscommon,26
2008Q1,Sligo,102
2008Q1,Cavan,106
2008Q1,Donegal,146
2008Q1,Monaghan,3
2008Q2,All Counties,4457
2008Q2,Carlow,98
2008Q2,Dublin,1446
2008Q2,Kildare,183
2008Q2,Kilkenny,49
2008Q2,Laois,131
2008Q2,Longford,0
2008Q2,Louth,105
2008Q2,Meath,218
2008Q2,Offaly,123
2008Q2,Westmeath,35
2008Q2,Wexford,151
2008Q2,Wicklow,138
2008Q2,Clare,20
2008Q2,Cork,621
2008Q2,Kerry,117
2008Q2,Limerick,154
2008Q2,Tipperary,140
2008Q2,Waterford,61
2008Q2,Galway,277
2008Q2,Leitrim,17
2008Q2,Mayo,76
2008Q2,Roscommon,22
2008Q2,Sligo,33
2008Q2,Cavan,31
2008Q2,Donegal,171
2008Q2,Monaghan,40
2008Q3,All Counties,2271
2008Q3,Carlow,70
2008Q3,Dublin,932
2008Q3,Kildare,48
2008Q3,Kilkenny,25
2008Q3,Laois,21
2008Q3,Longford,12
2008Q3,Louth,49
2008Q3,Meath,56
2008Q3,Offaly,6
2008Q3,Westmeath,18
2008Q3,Wexford,78
2008Q3,Wicklow,23
2008Q3,Clare,20
2008Q3,Cork,418
2008Q3,Kerry,31
2008Q3,Limerick,31
2008Q3,Tipperary,121
2008Q3,Waterford,35
2008Q3,Galway,82
2008Q3,Leitrim,22
2008Q3,Mayo,44
2008Q3,Roscommon,19
2008Q3,Sligo,23
2008Q3,Cavan,14
2008Q3,Donegal,35
2008Q3,Monaghan,38
2008Q4,All Counties,1617
2008Q4,Carlow,6
2008Q4,Dublin,571
2008Q4,Kildare,23
2008Q4,Kilkenny,11
2008Q4,Laois,10
2008Q4,Longford,2
2008Q4,Louth,64
2008Q4,Meath,101
2008Q4,Offaly,13
2008Q4,Westmeath,19
2008Q4,Wexford,66
2008Q4,Wicklow,60
2008Q4,Clare,18
2008Q4,Cork,220
2008Q4,Kerry,42
2008Q4,Limerick,13
2008Q4,Tipperary,65
2008Q4,Waterford,59
2008Q4,Galway,87
2008Q4,Leitrim,18
2008Q4,Mayo,31
2008Q4,Roscommon,3
2008Q4,Sligo,5
2008Q4,Cavan,17
2008Q4,Donegal,12
2008Q4,Monaghan,81
2009Q1,All Counties,1166
2009Q1,Carlow,41
2009Q1,Dublin,421
2009Q1,Kildare,44
2009Q1,Kilkenny,12
2009Q1,Laois,25
2009Q1,Longford,2
2009Q1,Louth,66
2009Q1,Meath,21
2009Q1,Offaly,3
2009Q1,Westmeath,5
2009Q1,Wexford,73
2009Q1,Wicklow,28
2009Q1,Clare,21
2009Q1,Cork,114
2009Q1,Kerry,20
2009Q1,Limerick,34
2009Q1,Tipperary,50
2009Q1,Waterford,17
2009Q1,Galway,63
2009Q1,Leitrim,2
2009Q1,Mayo,3
2009Q1,Roscommon,37
2009Q1,Sligo,39
2009Q1,Cavan,13
2009Q1,Donegal,6
2009Q1,Monaghan,6
2009Q2,All Counties,951
2009Q2,Carlow,9
2009Q2,Dublin,345
2009Q2,Kildare,67
2009Q2,Kilkenny,31
2009Q2,Laois,0
2009Q2,Longford,8
2009Q2,Louth,17
2009Q2,Meath,96
2009Q2,Offaly,19
2009Q2,Westmeath,7
2009Q2,Wexford,16
2009Q2,Wicklow,80
2009Q2,Clare,6
2009Q2,Cork,96
2009Q2,Kerry,19
2009Q2,Limerick,7
2009Q2,Tipperary,15
2009Q2,Waterford,27
2009Q2,Galway,8
2009Q2,Leitrim,0
2009Q2,Mayo,4
2009Q2,Roscommon,5
2009Q2,Sligo,47
2009Q2,Cavan,7
2009Q2,Donegal,11
2009Q2,Monaghan,4
2009Q3,All Counties,828
2009Q3,Carlow,3
2009Q3,Dublin,138
2009Q3,Kildare,63
2009Q3,Kilkenny,9
2009Q3,Laois,4
2009Q3,Longford,0
2009Q3,Louth,22
2009Q3,Meath,39
2009Q3,Offaly,3
2009Q3,Westmeath,71
2009Q3,Wexford,19
2009Q3,Wicklow,16
2009Q3,Clare,100
2009Q3,Cork,156
2009Q3,Kerry,21
2009Q3,Limerick,11
2009Q3,Tipperary,12
2009Q3,Waterford,11
2009Q3,Galway,25
2009Q3,Leitrim,3
2009Q3,Mayo,9
2009Q3,Roscommon,2
2009Q3,Sligo,39
2009Q3,Cavan,44
2009Q3,Donegal,4
2009Q3,Monaghan,4
2009Q4,All Counties,798
2009Q4,Carlow,7
2009Q4,Dublin,209
2009Q4,Kildare,22
2009Q4,Kilkenny,15
2009Q4,Laois,1
2009Q4,Longford,0
2009Q4,Louth,19
2009Q4,Meath,43
2009Q4,Offaly,2
2009Q4,Westmeath,5
2009Q4,Wexford,18
2009Q4,Wicklow,91
2009Q4,Clare,10
2009Q4,Cork,122
2009Q4,Kerry,6
2009Q4,Limerick,32
2009Q4,Tipperary,20
2009Q4,Waterford,9
2009Q4,Galway,50
2009Q4,Leitrim,5
2009Q4,Mayo,3
2009Q4,Roscommon,1
2009Q4,Sligo,60
2009Q4,Cavan,0
2009Q4,Donegal,11
2009Q4,Monaghan,37
2010Q1,All Counties,429
2010Q1,Carlow,1
2010Q1,Dublin,40
2010Q1,Kildare,51
2010Q1,Kilkenny,6
2010Q1,Laois,13
2010Q1,Longford,0
2010Q1,Louth,9
2010Q1,Meath,17
2010Q1,Offaly,4
2010Q1,Westmeath,7
2010Q1,Wexford,11
2010Q1,Wicklow,4
2010Q1,Clare,15
2010Q1,Cork,113
2010Q1,Kerry,21
2010Q1,Limerick,9
2010Q1,Tipperary,30
2010Q1,Waterford,6
2010Q1,Galway,8
2010Q1,Leitrim,0
2010Q1,Mayo,4
2010Q1,Roscommon,2
2010Q1,Sligo,4
2010Q1,Cavan,2
2010Q1,Donegal,44
2010Q1,Monaghan,8
2010Q2,All Counties,743
2010Q2,Carlow,31
2010Q2,Dublin,195
2010Q2,Kildare,24
2010Q2,Kilkenny,12
2010Q2,Laois,4
2010Q2,Longford,2
2010Q2,Louth,23
2010Q2,Meath,34
2010Q2,Offaly,7
2010Q2,Westmeath,4
2010Q2,Wexford,58
2010Q2,Wicklow,40
2010Q2,Clare,8
2010Q2,Cork,141
2010Q2,Kerry,12
2010Q2,Limerick,13
2010Q2,Tipperary,21
2010Q2,Waterford,6
2010Q2,Galway,7
2010Q2,Leitrim,2
2010Q2,Mayo,58
2010Q2,Roscommon,6
2010Q2,Sligo,27
2010Q2,Cavan,0
2010Q2,Donegal,6
2010Q2,Monaghan,2
2010Q3,All Counties,304
2010Q3,Carlow,4
2010Q3,Dublin,63
2010Q3,Kildare,10
2010Q3,Kilkenny,5
2010Q3,Laois,5
2010Q3,Longford,0
2010Q3,Louth,4
2010Q3,Meath,26
2010Q3,Offaly,5
2010Q3,Westmeath,1
2010Q3,Wexford,4
2010Q3,Wicklow,7
2010Q3,Clare,9
2010Q3,Cork,66
2010Q3,Kerry,13
2010Q3,Limerick,25
2010Q3,Tipperary,24
2010Q3,Waterford,4
2010Q3,Galway,13
2010Q3,Leitrim,0
2010Q3,Mayo,4
2010Q3,Roscommon,1
2010Q3,Sligo,2
2010Q3,Cavan,0
2010Q3,Donegal,5
2010Q3,Monaghan,4
2010Q4,All Counties,204
2010Q4,Carlow,1
2010Q4,Dublin,20
2010Q4,Kildare,29
2010Q4,Kilkenny,5
2010Q4,Laois,6
2010Q4,Longford,1
2010Q4,Louth,14
2010Q4,Meath,10
2010Q4,Offaly,11
2010Q4,Westmeath,2
2010Q4,Wexford,18
2010Q4,Wicklow,1
2010Q4,Clare,3
2010Q4,Cork,38
2010Q4,Kerry,11
2010Q4,Limerick,8
2010Q4,Tipperary,8
2010Q4,Waterford,2
2010Q4,Galway,3
2010Q4,Leitrim,0
2010Q4,Mayo,0
2010Q4,Roscommon,0
2010Q4,Sligo,1
2010Q4,Cavan,0
2010Q4,Donegal,12
2010Q4,Monaghan,0
2011Q1,All Counties,274
2011Q1,Carlow,14
2011Q1,Dublin,58
2011Q1,Kildare,17
2011Q1,Kilkenny,7
2011Q1,Laois,1
2011Q1,Longford,0
2011Q1,Louth,9
2011Q1,Meath,13
2011Q1,Offaly,2
2011Q1,Westmeath,2
2011Q1,Wexford,2
2011Q1,Wicklow,6
2011Q1,Clare,4
2011Q1,Cork,44
2011Q1,Kerry,29
2011Q1,Limerick,16
2011Q1,Tipperary,8
2011Q1,Waterford,12
2011Q1,Galway,15
2011Q1,Leitrim,0
2011Q1,Mayo,4
2011Q1,Roscommon,1
2011Q1,Sligo,9
2011Q1,Cavan,0
2011Q1,Donegal,1
2011Q1,Monaghan,0
2011Q2,All Counties,168
2011Q2,Carlow,2
2011Q2,Dublin,32
2011Q2,Kildare,12
2011Q2,Kilkenny,3
2011Q2,Laois,5
2011Q2,Longford,0
2011Q2,Louth,6
2011Q2,Meath,10
2011Q2,Offaly,4
2011Q2,Westmeath,0
2011Q2,Wexford,3
2011Q2,Wicklow,4
2011Q2,Clare,2
2011Q2,Cork,50
2011Q2,Kerry,5
2011Q2,Limerick,6
2011Q2,Tipperary,8
2011Q2,Waterford,3
2011Q2,Galway,3
2011Q2,Leitrim,0
2011Q2,Mayo,1
2011Q2,Roscommon,2
2011Q2,Sligo,1
2011Q2,Cavan,1
2011Q2,Donegal,3
2011Q2,Monaghan,2
2011Q3,All Counties,183
2011Q3,Carlow,1
2011Q3,Dublin,38
2011Q3,Kildare,5
2011Q3,Kilkenny,3
2011Q3,Laois,2
2011Q3,Longford,0
2011Q3,Louth,1
2011Q3,Meath,16
2011Q3,Offaly,13
2011Q3,Westmeath,1
2011Q3,Wexford,2
2011Q3,Wicklow,14
2011Q3,Clare,4
2011Q3,Cork,55
2011Q3,Kerry,3
2011Q3,Limerick,6
2011Q3,Tipperary,8
2011Q3,Waterford,4
2011Q3,Galway,2
2011Q3,Leitrim,0
2011Q3,Mayo,1
2011Q3,Roscommon,0
2011Q3,Sligo,2
2011Q3,Cavan,0
2011Q3,Donegal,1
2011Q3,Monaghan,1
2011Q4,All Counties,209
2011Q4,Carlow,0
2011Q4,Dublin,12
2011Q4,Kildare,11
2011Q4,Kilkenny,30
2011Q4,Laois,2
2011Q4,Longford,0
2011Q4,Louth,6
2011Q4,Meath,1
2011Q4,Offaly,5
2011Q4,Westmeath,2
2011Q4,Wexford,2
2011Q4,Wicklow,1
2011Q4,Clare,4
2011Q4,Cork,98
2011Q4,Kerry,10
2011Q4,Limerick,6
2011Q4,Tipperary,2
2011Q4,Waterford,1
2011Q4,Galway,9
2011Q4,Leitrim,1
2011Q4,Mayo,0
2011Q4,Roscommon,1
2011Q4,Sligo,0
2011Q4,Cavan,0
2011Q4,Donegal,0
2011Q4,Monaghan,5
2012Q1,All Counties,144
2012Q1,Carlow,1
2012Q1,Dublin,9
2012Q1,Kildare,5
2012Q1,Kilkenny,1
2012Q1,Laois,2
2012Q1,Longford,0
2012Q1,Louth,53
2012Q1,Meath,5
2012Q1,Offaly,1
2012Q1,Westmeath,1
2012Q1,Wexford,8
2012Q1,Wicklow,1
2012Q1,Clare,1
2012Q1,Cork,35
2012Q1,Kerry,7
2012Q1,Limerick,2
2012Q1,Tipperary,3
2012Q1,Waterford,3
2012Q1,Galway,2
2012Q1,Leitrim,0
2012Q1,Mayo,3
2012Q1,Roscommon,0
2012Q1,Sligo,0
2012Q1,Cavan,0
2012Q1,Donegal,0
2012Q1,Monaghan,1
2012Q2,All Counties,195
2012Q2,Carlow,0
2012Q2,Dublin,71
2012Q2,Kildare,23
2012Q2,Kilkenny,1
2012Q2,Laois,4
2012Q2,Longford,0
2012Q2,Louth,21
2012Q2,Meath,2
2012Q2,Offaly,3
2012Q2,Westmeath,0
2012Q2,Wexford,3
2012Q2,Wicklow,5
2012Q2,Clare,1
2012Q2,Cork,34
2012Q2,Kerry,8
2012Q2,Limerick,6
2012Q2,Tipperary,3
2012Q2,Waterford,2
2012Q2,Galway,4
2012Q2,Leitrim,0
2012Q2,Mayo,0
2012Q2,Roscommon,0
2012Q2,Sligo,2
2012Q2,Cavan,0
2012Q2,Donegal,2
2012Q2,Monaghan,0
2012Q3,All Counties,125
2012Q3,Carlow,0
2012Q3,Dublin,31
2012Q3,Kildare,10
2012Q3,Kilkenny,2
2012Q3,Laois,1
2012Q3,Longford,0
2012Q3,Louth,6
2012Q3,Meath,4
2012Q3,Offaly,5
2012Q3,Westmeath,2
2012Q3,Wexford,1
2012Q3,Wicklow,19
2012Q3,Clare,1
2012Q3,Cork,31
2012Q3,Kerry,4
2012Q3,Limerick,2
2012Q3,Tipperary,0
2012Q3,Waterford,1
2012Q3,Galway,2
2012Q3,Leitrim,0
2012Q3,Mayo,1
2012Q3,Roscommon,0
2012Q3,Sligo,0
2012Q3,Cavan,1
2012Q3,Donegal,0
2012Q3,Monaghan,1
2012Q4,All Counties,163
2012Q4,Carlow,0
2012Q4,Dublin,31
2012Q4,Kildare,24
2012Q4,Kilkenny,4
2012Q4,Laois,1
2012Q4,Longford,1
2012Q4,Louth,26
2012Q4,Meath,9
2012Q4,Offaly,3
2012Q4,Westmeath,0
2012Q4,Wexford,3
2012Q4,Wicklow,3
2012Q4,Clare,3
2012Q4,Cork,40
2012Q4,Kerry,6
2012Q4,Limerick,0
2012Q4,Tipperary,6
2012Q4,Waterford,0
2012Q4,Galway,2
2012Q4,Leitrim,0
2012Q4,Mayo,0
2012Q4,Roscommon,0
2012Q4,Sligo,0
2012Q4,Cavan,0
2012Q4,Donegal,1
2012Q4,Monaghan,0
2013Q1,All Counties,219
2013Q1,Carlow,1
2013Q1,Dublin,96
2013Q1,Kildare,17
2013Q1,Kilkenny,3
2013Q1,Laois,5
2013Q1,Longford,1
2013Q1,Louth,2
2013Q1,Meath,14
2013Q1,Offaly,2
2013Q1,Westmeath,4
2013Q1,Wexford,4
2013Q1,Wicklow,12
2013Q1,Clare,1
2013Q1,Cork,43
2013Q1,Kerry,4
2013Q1,Limerick,7
2013Q1,Tipperary,2
2013Q1,Waterford,1
2013Q1,Galway,0
2013Q1,Leitrim,0
2013Q1,Mayo,0
2013Q1,Roscommon,0
2013Q1,Sligo,0
2013Q1,Cavan,0
2013Q1,Donegal,0
2013Q1,Monaghan,0
2013Q2,All Counties,408
2013Q2,Carlow,0
2013Q2,Dublin,217
2013Q2,Kildare,26
2013Q2,Kilkenny,0
2013Q2,Laois,2
2013Q2,Longford,0
2013Q2,Louth,14
2013Q2,Meath,10
2013Q2,Offaly,1
2013Q2,Westmeath,0
2013Q2,Wexford,0
2013Q2,Wicklow,10
2013Q2,Clare,2
2013Q2,Cork,47
2013Q2,Kerry,15
2013Q2,Limerick,4
2013Q2,Tipperary,2
2013Q2,Waterford,11
2013Q2,Galway,3
2013Q2,Leitrim,0
2013Q2,Mayo,36
2013Q2,Roscommon,0
2013Q2,Sligo,1
2013Q2,Cavan,0
2013Q2,Donegal,7
2013Q2,Monaghan,0
2013Q3,All Counties,417
2013Q3,Carlow,0
2013Q3,Dublin,226
2013Q3,Kildare,29
2013Q3,Kilkenny,3
2013Q3,Laois,1
2013Q3,Longford,0
2013Q3,Louth,19
2013Q3,Meath,30
2013Q3,Offaly,0
2013Q3,Westmeath,0
2013Q3,Wexford,2
2013Q3,Wicklow,7
2013Q3,Clare,1
2013Q3,Cork,71
2013Q3,Kerry,2
2013Q3,Limerick,5
2013Q3,Tipperary,4
2013Q3,Waterford,0
2013Q3,Galway,12
2013Q3,Leitrim,0
2013Q3,Mayo,1
2013Q3,Roscommon,1
2013Q3,Sligo,1
2013Q3,Cavan,0
2013Q3,Donegal,1
2013Q3,Monaghan,1
2013Q4,All Counties,282
2013Q4,Carlow,1
2013Q4,Dublin,136
2013Q4,Kildare,46
2013Q4,Kilkenny,2
2013Q4,Laois,0
2013Q4,Longford,0
2013Q4,Louth,0
2013Q4,Meath,5
2013Q4,Offaly,3
2013Q4,Westmeath,0
2013Q4,Wexford,0
2013Q4,Wicklow,15
2013Q4,Clare,1
2013Q4,Cork,36
2013Q4,Kerry,4
2013Q4,Limerick,10
2013Q4,Tipperary,1
2013Q4,Waterford,1
2013Q4,Galway,3
2013Q4,Leitrim,0
2013Q4,Mayo,1
2013Q4,Roscommon,0
2013Q4,Sligo,0
2013Q4,Cavan,0
2013Q4,Donegal,15
2013Q4,Monaghan,2
2014Q1,All Counties,489
2014Q1,Carlow,2
2014Q1,Dublin,221
2014Q1,Kildare,88
2014Q1,Kilkenny,1
2014Q1,Laois,2
2014Q1,Longford,0
2014Q1,Louth,13
2014Q1,Meath,36
2014Q1,Offaly,0
2014Q1,Westmeath,1
2014Q1,Wexford,5
2014Q1,Wicklow,21
2014Q1,Clare,1
2014Q1,Cork,59
2014Q1,Kerry,4
2014Q1,Limerick,2
2014Q1,Tipperary,3
2014Q1,Waterford,10
2014Q1,Galway,19
2014Q1,Leitrim,0
2014Q1,Mayo,0
2014Q1,Roscommon,0
2014Q1,Sligo,0
2014Q1,Cavan,1
2014Q1,Donegal,0
2014Q1,Monaghan,0
2014Q2,All Counties,511
2014Q2,Carlow,0
2014Q2,Dublin,292
2014Q2,Kildare,31
2014Q2,Kilkenny,2
2014Q2,Laois,1
2014Q2,Longford,0
2014Q2,Louth,2
2014Q2,Meath,21
2014Q2,Offaly,5
2014Q2,Westmeath,9
2014Q2,Wexford,10
2014Q2,Wicklow,34
2014Q2,Clare,2
2014Q2,Cork,50
2014Q2,Kerry,11
2014Q2,Limerick,4
2014Q2,Tipperary,6
2014Q2,Waterford,24
2014Q2,Galway,3
2014Q2,Leitrim,0
2014Q2,Mayo,0
2014Q2,Roscommon,0
2014Q2,Sligo,0
2014Q2,Cavan,1
2014Q2,Donegal,0
2014Q2,Monaghan,3
2014Q3,All Counties,679
2014Q3,Carlow,24
2014Q3,Dublin,327
2014Q3,Kildare,94
2014Q3,Kilkenny,0
2014Q3,Laois,0
2014Q3,Longford,0
2014Q3,Louth,4
2014Q3,Meath,39
2014Q3,Offaly,0
2014Q3,Westmeath,2
2014Q3,Wexford,16
2014Q3,Wicklow,27
2014Q3,Clare,5
2014Q3,Cork,114
2014Q3,Kerry,10
2014Q3,Limerick,7
2014Q3,Tipperary,4
2014Q3,Waterford,1
2014Q3,Galway,1
2014Q3,Leitrim,0
2014Q3,Mayo,0
2014Q3,Roscommon,0
2014Q3,Sligo,0
2014Q3,Cavan,0
2014Q3,Donegal,0
2014Q3,Monaghan,4
2014Q4,All Counties,895
2014Q4,Carlow,0
2014Q4,Dublin,499
2014Q4,Kildare,124
2014Q4,Kilkenny,3
2014Q4,Laois,0
2014Q4,Longford,0
2014Q4,Louth,4
2014Q4,Meath,74
2014Q4,Offaly,16
2014Q4,Westmeath,0
2014Q4,Wexford,5
2014Q4,Wicklow,39
2014Q4,Clare,0
2014Q4,Cork,74
2014Q4,Kerry,3
2014Q4,Limerick,11
2014Q4,Tipperary,2
2014Q4,Waterford,20
2014Q4,Galway,9
2014Q4,Leitrim,0
2014Q4,Mayo,0
2014Q4,Roscommon,0
2014Q4,Sligo,0
2014Q4,Cavan,0
2014Q4,Donegal,11
2014Q4,Monaghan,1
2015Q1,All Counties,789
2015Q1,Carlow,1
2015Q1,Dublin,458
2015Q1,Kildare,113
2015Q1,Kilkenny,0
2015Q1,Laois,0
2015Q1,Longford,0
2015Q1,Louth,1
2015Q1,Meath,11
2015Q1,Offaly,1
2015Q1,Westmeath,4
2015Q1,Wexford,13
2015Q1,Wicklow,21
2015Q1,Clare,1
2015Q1,Cork,122
2015Q1,Kerry,5
2015Q1,Limerick,4
2015Q1,Tipperary,3
2015Q1,Waterford,12
2015Q1,Galway,8
2015Q1,Leitrim,0
2015Q1,Mayo,6
2015Q1,Roscommon,0
2015Q1,Sligo,0
2015Q1,Cavan,0
2015Q1,Donegal,0
2015Q1,Monaghan,5
2015Q2,All Counties,1157
2015Q2,Carlow,3
2015Q2,Dublin,521
2015Q2,Kildare,223
2015Q2,Kilkenny,1
2015Q2,Laois,0
2015Q2,Longford,0
2015Q2,Louth,43
2015Q2,Meath,54
2015Q2,Offaly,2
2015Q2,Westmeath,7
2015Q2,Wexford,28
2015Q2,Wicklow,81
2015Q2,Clare,4
2015Q2,Cork,108
2015Q2,Kerry,2
2015Q2,Limerick,33
2015Q2,Tipperary,7
2015Q2,Waterford,9
2015Q2,Galway,17
2015Q2,Leitrim,1
2015Q2,Mayo,6
2015Q2,Roscommon,7
2015Q2,Sligo,0
2015Q2,Cavan,0
2015Q2,Donegal,0
2015Q2,Monaghan,0
2015Q3,All Counties,1485
2015Q3,Carlow,1
2015Q3,Dublin,1051
2015Q3,Kildare,75
2015Q3,Kilkenny,10
2015Q3,Laois,0
2015Q3,Longford,0
2015Q3,Louth,4
2015Q3,Meath,76
2015Q3,Offaly,1
2015Q3,Westmeath,0
2015Q3,Wexford,16
2015Q3,Wicklow,18
2015Q3,Clare,11
2015Q3,Cork,128
2015Q3,Kerry,12
2015Q3,Limerick,58
2015Q3,Tipperary,3
2015Q3,Waterford,15
2015Q3,Galway,1
2015Q3,Leitrim,0
2015Q3,Mayo,3
2015Q3,Roscommon,1
2015Q3,Sligo,0
2015Q3,Cavan,0
2015Q3,Donegal,0
2015Q3,Monaghan,1
2015Q4,All Counties,859
2015Q4,Carlow,1
2015Q4,Dublin,498
2015Q4,Kildare,37
2015Q4,Kilkenny,5
2015Q4,Laois,0
2015Q4,Longford,0
2015Q4,Louth,7
2015Q4,Meath,22
2015Q4,Offaly,0
2015Q4,Westmeath,7
2015Q4,Wexford,20
2015Q4,Wicklow,62
2015Q4,Clare,9
2015Q4,Cork,121
2015Q4,Kerry,0
2015Q4,Limerick,5
2015Q4,Tipperary,0
2015Q4,Waterford,6
2015Q4,Galway,33
2015Q4,Leitrim,0
2015Q4,Mayo,7
2015Q4,Roscommon,0
2015Q4,Sligo,0
2015Q4,Cavan,0
2015Q4,Donegal,15
2015Q4,Monaghan,4
2016Q1,All Counties,1263
2016Q1,Carlow,1
2016Q1,Dublin,686
2016Q1,Kildare,99
2016Q1,Kilkenny,0
2016Q1,Laois,0
2016Q1,Longford,0
2016Q1,Louth,12
2016Q1,Meath,89
2016Q1,Offaly,1
2016Q1,Westmeath,0
2016Q1,Wexford,29
2016Q1,Wicklow,152
2016Q1,Clare,24
2016Q1,Cork,103
2016Q1,Kerry,4
2016Q1,Limerick,3
2016Q1,Tipperary,6
2016Q1,Waterford,48
2016Q1,Galway,3
2016Q1,Leitrim,0
2016Q1,Mayo,1
2016Q1,Roscommon,0
2016Q1,Sligo,0
2016Q1,Cavan,0
2016Q1,Donegal,0
2016Q1,Monaghan,2
2016Q2,All Counties,1291
2016Q2,Carlow,4
2016Q2,Dublin,537
2016Q2,Kildare,129
2016Q2,Kilkenny,16
2016Q2,Laois,0
2016Q2,Longford,0
2016Q2,Louth,14
2016Q2,Meath,136
2016Q2,Offaly,1
2016Q2,Westmeath,1
2016Q2,Wexford,27
2016Q2,Wicklow,33
2016Q2,Clare,8
2016Q2,Cork,201
2016Q2,Kerry,16
2016Q2,Limerick,92
2016Q2,Tipperary,4
2016Q2,Waterford,17
2016Q2,Galway,45
2016Q2,Leitrim,0
2016Q2,Mayo,7
2016Q2,Roscommon,3
2016Q2,Sligo,0
2016Q2,Cavan,0
2016Q2,Donegal,0
2016Q2,Monaghan,0
2016Q3,All Counties,1451
2016Q3,Carlow,4
2016Q3,Dublin,760
2016Q3,Kildare,190
2016Q3,Kilkenny,2
2016Q3,Laois,1
2016Q3,Longford,0
2016Q3,Louth,12
2016Q3,Meath,120
2016Q3,Offaly,3
2016Q3,Westmeath,0
2016Q3,Wexford,13
2016Q3,Wicklow,39
2016Q3,Clare,10
2016Q3,Cork,191
2016Q3,Kerry,13
2016Q3,Limerick,20
2016Q3,Tipperary,2
2016Q3,Waterford,51
2016Q3,Galway,2
2016Q3,Leitrim,0
2016Q3,Mayo,0
2016Q3,Roscommon,0
2016Q3,Sligo,0
2016Q3,Cavan,0
2016Q3,Donegal,18
2016Q3,Monaghan,0
2016Q4,All Counties,1621
2016Q4,Carlow,1
2016Q4,Dublin,922
2016Q4,Kildare,113
2016Q4,Kilkenny,2
2016Q4,Laois,0
2016Q4,Longford,0
2016Q4,Louth,8
2016Q4,Meath,187
2016Q4,Offaly,2
2016Q4,Westmeath,2
2016Q4,Wexford,40
2016Q4,Wicklow,66
2016Q4,Clare,7
2016Q4,Cork,170
2016Q4,Kerry,1
2016Q4,Limerick,48
2016Q4,Tipperary,9
2016Q4,Waterford,32
2016Q4,Galway,3
2016Q4,Leitrim,0
2016Q4,Mayo,6
2016Q4,Roscommon,0
2016Q4,Sligo,0
2016Q4,Cavan,0
2016Q4,Donegal,0
2016Q4,Monaghan,2
2017Q1,All Counties,2210
2017Q1,Carlow,0
2017Q1,Dublin,1265
2017Q1,Kildare,164
2017Q1,Kilkenny,0
2017Q1,Laois,1
2017Q1,Longford,0
2017Q1,Louth,7
2017Q1,Meath,321
2017Q1,Offaly,1
2017Q1,Westmeath,4
2017Q1,Wexford,34
2017Q1,Wicklow,94
2017Q1,Clare,12
2017Q1,Cork,136
2017Q1,Kerry,14
2017Q1,Limerick,25
2017Q1,Tipperary,8
2017Q1,Waterford,28
2017Q1,Galway,70
2017Q1,Leitrim,0
2017Q1,Mayo,1
2017Q1,Roscommon,11
2017Q1,Sligo,4
2017Q1,Cavan,1
2017Q1,Donegal,0
2017Q1,Monaghan,9
2017Q2,All Counties,2999
2017Q2,Carlow,14
2017Q2,Dublin,1787
2017Q2,Kildare,119
2017Q2,Kilkenny,0
2017Q2,Laois,0
2017Q2,Longford,0
2017Q2,Louth,67
2017Q2,Meath,353
2017Q2,Offaly,1
2017Q2,Westmeath,1
2017Q2,Wexford,46
2017Q2,Wicklow,80
2017Q2,Clare,34
2017Q2,Cork,330
2017Q2,Kerry,7
2017Q2,Limerick,96
2017Q2,Tipperary,3
2017Q2,Waterford,28
2017Q2,Galway,17
2017Q2,Leitrim,0
2017Q2,Mayo,2
2017Q2,Roscommon,10
2017Q2,Sligo,0
2017Q2,Cavan,0
2017Q2,Donegal,4
2017Q2,Monaghan,0
2017Q3,All Counties,2435
2017Q3,Carlow,0
2017Q3,Dublin,1197
2017Q3,Kildare,260
2017Q3,Kilkenny,1
2017Q3,Laois,0
2017Q3,Longford,0
2017Q3,Louth,81
2017Q3,Meath,202
2017Q3,Offaly,2
2017Q3,Westmeath,1
2017Q3,Wexford,60
2017Q3,Wicklow,112
2017Q3,Clare,21
2017Q3,Cork,331
2017Q3,Kerry,24
2017Q3,Limerick,28
2017Q3,Tipperary,2
2017Q3,Waterford,70
2017Q3,Galway,32
2017Q3,Leitrim,0
2017Q3,Mayo,1
2017Q3,Roscommon,5
2017Q3,Sligo,5
2017Q3,Cavan,0
2017Q3,Donegal,0
2017Q3,Monaghan,0
2017Q4,All Counties,1822
2017Q4,Carlow,0
2017Q4,Dublin,814
2017Q4,Kildare,224
2017Q4,Kilkenny,6
2017Q4,Laois,1
2017Q4,Longford,0
2017Q4,Louth,9
2017Q4,Meath,246
2017Q4,Offaly,3
2017Q4,Westmeath,8
2017Q4,Wexford,66
2017Q4,Wicklow,61
2017Q4,Clare,4
2017Q4,Cork,200
2017Q4,Kerry,13
2017Q4,Limerick,55
2017Q4,Tipperary,7
2017Q4,Waterford,70
2017Q4,Galway,24
2017Q4,Leitrim,0
2017Q4,Mayo,8
2017Q4,Roscommon,2
2017Q4,Sligo,1
2017Q4,Cavan,0
2017Q4,Donegal,0
2017Q4,Monaghan,0
2018Q1,All Counties,2013
2018Q1,Carlow,19
2018Q1,Dublin,848
2018Q1,Kildare,145
2018Q1,Kilkenny,20
2018Q1,Laois,0
2018Q1,Longford,0
2018Q1,Louth,30
2018Q1,Meath,269
2018Q1,Offaly,5
2018Q1,Westmeath,1
2018Q1,Wexford,76
2018Q1,Wicklow,196
2018Q1,Clare,19
2018Q1,Cork,195
2018Q1,Kerry,11
2018Q1,Limerick,63
2018Q1,Tipperary,3
2018Q1,Waterford,92
2018Q1,Galway,1
2018Q1,Leitrim,0
2018Q1,Mayo,10
2018Q1,Roscommon,6
2018Q1,Sligo,1
2018Q1,Cavan,0
2018Q1,Donegal,0
2018Q1,Monaghan,3
2018Q2,All Counties,2766
2018Q2,Carlow,0
2018Q2,Dublin,1200
2018Q2,Kildare,224
2018Q2,Kilkenny,11
2018Q2,Laois,0
2018Q2,Longford,0
2018Q2,Louth,88
2018Q2,Meath,379
2018Q2,Offaly,6
2018Q2,Westmeath,20
2018Q2,Wexford,53
2018Q2,Wicklow,108
2018Q2,Clare,26
2018Q2,Cork,373
2018Q2,Kerry,39
2018Q2,Limerick,41
2018Q2,Tipperary,14
2018Q2,Waterford,108
2018Q2,Galway,73
2018Q2,Leitrim,0
2018Q2,Mayo,3
2018Q2,Roscommon,0
2018Q2,Sligo,0
2018Q2,Cavan,0
2018Q2,Donegal,0
2018Q2,Monaghan,0
2018Q3,All Counties,2992
2018Q3,Carlow,41
2018Q3,Dublin,1308
2018Q3,Kildare,403
2018Q3,Kilkenny,1
2018Q3,Laois,0
2018Q3,Longford,0
2018Q3,Louth,100
2018Q3,Meath,366
2018Q3,Offaly,7
2018Q3,Westmeath,18
2018Q3,Wexford,102
2018Q3,Wicklow,110
2018Q3,Clare,26
2018Q3,Cork,294
2018Q3,Kerry,16
2018Q3,Limerick,64
2018Q3,Tipperary,26
2018Q3,Waterford,32
2018Q3,Galway,62
2018Q3,Leitrim,0
2018Q3,Mayo,16
2018Q3,Roscommon,0
2018Q3,Sligo,0
2018Q3,Cavan,0
2018Q3,Donegal,0
2018Q3,Monaghan,0
2018Q4,All Counties,2494
2018Q4,Carlow,0
2018Q4,Dublin,1096
2018Q4,Kildare,269
2018Q4,Kilkenny,24
2018Q4,Laois,0
2018Q4,Longford,0
2018Q4,Louth,87
2018Q4,Meath,233
2018Q4,Offaly,0
2018Q4,Westmeath,0
2018Q4,Wexford,69
2018Q4,Wicklow,48
2018Q4,Clare,48
2018Q4,Cork,249
2018Q4,Kerry,10
2018Q4,Limerick,90
2018Q4,Tipperary,10
2018Q4,Waterford,126
2018Q4,Galway,90
2018Q4,Leitrim,0
2018Q4,Mayo,25
2018Q4,Roscommon,0
2018Q4,Sligo,0
2018Q4,Cavan,0
2018Q4,Donegal,0
2018Q4,Monaghan,20
2019Q1,All Counties,2752
2019Q1,Carlow,10
2019Q1,Dublin,821
2019Q1,Kildare,572
2019Q1,Kilkenny,16
2019Q1,Laois,0
2019Q1,Longford,0
2019Q1,Louth,51
2019Q1,Meath,213
2019Q1,Offaly,25
2019Q1,Westmeath,15
2019Q1,Wexford,99
2019Q1,Wicklow,283
2019Q1,Clare,41
2019Q1,Cork,301
2019Q1,Kerry,39
2019Q1,Limerick,101
2019Q1,Tipperary,6
2019Q1,Waterford,68
2019Q1,Galway,73
2019Q1,Leitrim,0
2019Q1,Mayo,18
2019Q1,Roscommon,0
2019Q1,Sligo,0
2019Q1,Cavan,0
2019Q1,Donegal,0
2019Q1,Monaghan,0
2019Q2,All Counties,2366
2019Q2,Carlow,36
2019Q2,Dublin,1037
2019Q2,Kildare,312
2019Q2,Kilkenny,21
2019Q2,Laois,63
2019Q2,Longford,0
2019Q2,Louth,46
2019Q2,Meath,249
2019Q2,Offaly,18
2019Q2,Westmeath,25
2019Q2,Wexford,54
2019Q2,Wicklow,37
2019Q2,Clare,1
2019Q2,Cork,254
2019Q2,Kerry,11
2019Q2,Limerick,41
2019Q2,Tipperary,7
2019Q2,Waterford,48
2019Q2,Galway,81
2019Q2,Leitrim,0
2019Q2,Mayo,23
2019Q2,Roscommon,0
2019Q2,Sligo,0
2019Q2,Cavan,2
2019Q2,Donegal,0
2019Q2,Monaghan,0
2019Q3,All Counties,2612
2019Q3,Carlow,11
2019Q3,Dublin,869
2019Q3,Kildare,355
2019Q3,Kilkenny,55
2019Q3,Laois,30
2019Q3,Longford,0
2019Q3,Louth,39
2019Q3,Meath,416
2019Q3,Offaly,6
2019Q3,Westmeath,4
2019Q3,Wexford,36
2019Q3,Wicklow,135
2019Q3,Clare,32
2019Q3,Cork,284
2019Q3,Kerry,2
2019Q3,Limerick,73
2019Q3,Tipperary,5
2019Q3,Waterford,103
2019Q3,Galway,125
2019Q3,Leitrim,0
2019Q3,Mayo,12
2019Q3,Roscommon,0
2019Q3,Sligo,0
2019Q3,Cavan,1
2019Q3,Donegal,19
2019Q3,Monaghan,0
2019Q4,All Counties,3054
2019Q4,Carlow,6
2019Q4,Dublin,1690
2019Q4,Kildare,272
2019Q4,Kilkenny,26
2019Q4,Laois,6
2019Q4,Longford,0
2019Q4,Louth,26
2019Q4,Meath,235
2019Q4,Offaly,26
2019Q4,Westmeath,30
2019Q4,Wexford,88
2019Q4,Wicklow,111
2019Q4,Clare,3
2019Q4,Cork,262
2019Q4,Kerry,21
2019Q4,Limerick,2
2019Q4,Tipperary,1
2019Q4,Waterford,44
2019Q4,Galway,117
2019Q4,Leitrim,0
2019Q4,Mayo,24
2019Q4,Roscommon,7
2019Q4,Sligo,0
2019Q4,Cavan,4
2019Q4,Donegal,48
2019Q4,Monaghan,5
2020Q1,All Counties,3411
2020Q1,Carlow,8
2020Q1,Dublin,1441
2020Q1,Kildare,558
2020Q1,Kilkenny,7
2020Q1,Laois,12
2020Q1,Longford,0
2020Q1,Louth,23
2020Q1,Meath,250
2020Q1,Offaly,86
2020Q1,Westmeath,42
2020Q1,Wexford,78
2020Q1,Wicklow,31
2020Q1,Clare,62
2020Q1,Cork,435
2020Q1,Kerry,21
2020Q1,Limerick,21
2020Q1,Tipperary,1
2020Q1,Waterford,169
2020Q1,Galway,115
2020Q1,Leitrim,0
2020Q1,Mayo,5
2020Q1,Roscommon,8
2020Q1,Sligo,10
2020Q1,Cavan,21
2020Q1,Donegal,7
2020Q1,Monaghan,0
2020Q2,All Counties,1096
2020Q2,Carlow,0
2020Q2,Dublin,451
2020Q2,Kildare,140
2020Q2,Kilkenny,42
2020Q2,Laois,24
2020Q2,Longford,0
2020Q2,Louth,0
2020Q2,Meath,109
2020Q2,Offaly,44
2020Q2,Westmeath,0
2020Q2,Wexford,1
2020Q2,Wicklow,39
2020Q2,Clare,9
2020Q2,Cork,77
2020Q2,Kerry,16
2020Q2,Limerick,5
2020Q2,Tipperary,0
2020Q2,Waterford,36
2020Q2,Galway,84
2020Q2,Leitrim,0
2020Q2,Mayo,8
2020Q2,Roscommon,0
2020Q2,Sligo,0
2020Q2,Cavan,11
2020Q2,Donegal,0
2020Q2,Monaghan,0
